,Category,ID
0,All,0
1,Arts & Entertainment,3
2,Computers & Electronics,5
3,Finance,7
4,Games,8
5,Home & Garden,11
6,Business & Industrial,12
7,Internet & Telecom,13
8,People & Society,14
9,News,16
10,Shopping,18
11,Law & Government,19
12,Sports,20
13,Books & Literature,22
14,Performing Arts,23
15,Visual Art & Design,24
16,Advertising & Marketing,25
18,Office Services,28
19,Real Estate,29
20,Computer Hardware,30
21,Programming,31
23,Software,32
24,Offbeat,33
25,Movies,34
26,Music & Audio,35
27,TV & Video,36
28,Banking,37
29,Insurance,38
30,Card Games,39
31,Computer & Video Games,41
32,Jazz,42
33,Online Goodies,43
34,Beauty & Fitness,44
35,Health,45
36,Agriculture & Forestry,46
37,Autos & Vehicles,47
38,Construction & Maintenance,48
39,Manufacturing,49
40,Transportation & Logistics,50
41,Web Hosting & Domain Registration,53
42,Social Issues & Advocacy,54
43,Dating & Personals,55
44,Ethnic & Identity Groups,56
45,Charity & Philanthropy,57
46,Parenting,58
47,Religion & Belief,59
48,Jobs,60
49,Classifieds,61
50,Weather,63
51,Antiques & Collectibles,64
53,Hobbies & Leisure,65
54,Pets & Animals,66
56,Travel,67
57,Apparel,68
58,Consumer Resources,69
59,Gifts & Special Event Items,70
61,Food & Drink,71
62,Mass Merchants & Department Stores,73
63,Education,74
64,Legal,75
65,Government,76
66,Enterprise Technology,77
68,Consumer Electronics,78
70,Environmental Issues,82
71,Marketing Services,83
73,Search Engine Optimization & Marketing,84
76,Vehicle Parts & Accessories,89
77,Stereo Systems & Components,91
79,Skin & Nail Care,93
80,Fitness,94
81,Office Supplies,95
82,Real Estate Agencies,96
83,Consumer Advocacy & Protection,97
84,Fashion Designers & Collections,98
85,Gifts,99
87,Cards & Greetings,100
89,Spirituality,101
90,Personals,102
91,ISPs,104
92,Online Games,105
94,Investing,107
95,Language Resources,108
96,Broadcast & Network News,112
97,Gay-Lesbian-Bisexual-Transgender,113
98,Baby Care & Hygiene,115
99,Water Sports,118
101,Wildlife,119
103,Cookware & Diningware,120
104,Grocery & Food Retailers,121
106,Cooking & Recipes,122
107,Tobacco Products,123
108,Clothing Accessories,124
109,Homemaking & Interior Decor,137
110,Vehicle Maintenance,138
111,Face & Body Care,143
112,Unwanted Body & Facial Hair Removal,144
113,Spas & Beauty Services,145
114,Hair Care,146
115,Cosmetology & Beauty Professionals,147
116,Off-Road Vehicles,148
117,Kids & Teens,154
118,Human Resources,157
119,Home Improvement,158
120,Public Safety,166
121,Emergency Services,168
122,Vehicle Licensing & Registration,170
123,Native Americans,171
124,Science,174
125,Hotels & Accommodations,179
126,Motor Sports,180
127,Humor,182
128,Celebrities & Entertainment News,184
130,Fashion & Style,185
131,Clubs & Nightlife,188
133,Clubs & Organizations,189
134,Forum & Chat Providers,191
135,Reproductive Health,195
136,Birth Control,198
137,Erectile Dysfunction,202
139,Air Travel,203
140,Car Rental & Taxi Services,205
141,Cruises & Charters,206
142,Tourist Destinations,208
143,DVD & Video Shopping,210
145,Online Video,211
147,Movie Memorabilia,213
148,Radio,215
149,Musical Instruments,216
150,CD & Audio Shopping,217
152,Music Art & Memorabilia,218
153,Music Streams & Downloads,220
155,Software Utilities,224
156,Device Drivers,225
157,Computer Memory,226
159,MP3 & Portable Media Players,227
163,PDAs & Handhelds,228
165,TV & Video Equipment,229
167,Car Audio,230
170,Engineering & Technology,231
171,Energy & Utilities,233
172,Make-Up & Cosmetics,234
173,Hair Loss,235
174,Weight Loss,236
175,Vitamins & Supplements,237
176,Cosmetic Surgery,238
178,Body Art,239
179,Bodybuilding,241
180,Perfumes & Fragrances,242
181,Hygiene & Toiletries,244
182,Oral & Dental Care,245
183,Vision Care,246
184,Pharmacy,248
185,Health Insurance,249
186,Hospitals & Treatment Centers,250
187,Medical Devices & Equipment,251
188,Health Foundations & Medical Research,252
189,Medical Literature & Resources,253
190,Health Education & Medical Training,254
192,Pharmaceuticals & Biotech,255
193,Medical Facilities & Services,256
194,Substance Abuse,257
195,American Football,258
196,Baseball,259
197,Hockey,260
198,Golf,261
199,Racquet Sports,262
200,Sporting Goods,263
202,Basketball,264
203,Winter Sports,265
204,Maps,268
205,Gardening & Landscaping,269
206,Home Furnishings,270
207,Home Appliances,271
208,Lamps & Lighting,272
209,Motorcycles,273
210,Photo & Video Sharing,275
211,Restaurants,276
212,Alcoholic Beverages,277
213,Accounting & Auditing,278
214,Credit & Lending,279
215,Merchant Services & Payment Systems,280
218,Crafts,284
219,Industrial Materials & Equipment,287
220,Chemicals Industry,288
221,Freight & Trucking,289
222,Packaging,290
223,Moving & Relocation,291
224,Auctions,292
225,Weddings,293
227,Soccer,294
228,Cricket,296
229,Culinary Training,297
230,Seniors & Retirement,298
231,Online Communities,299
232,Web Portals,301
234,Web Services,302
235,Operating Systems,303
236,Internet Clients & Browsers,304
237,Televisions,305
239,Cameras & Camcorders,306
243,Cameras,307
247,Camcorders,308
251,Desktop Computers,309
252,Laptops & Notebooks,310
253,Networking,311
254,Computer Peripherals,312
255,Open Source,313
256,Computer Security,314
257,Antivirus & Malware,315
258,Comics & Animation,316
259,Anime & Manga,317
260,Comics,318
261,Cartoons,319
262,Photo Rating Sites,320
264,File Sharing & Hosting,321
265,Flowers,323
267,Party & Holiday Supplies,324
269,Affiliate Programs,326
270,Public Relations,327
272,Telemarketing,328
274,Business Services,329
275,Recruitment & Staffing,330
276,Corporate Training,331
277,Document & Printing Services,332
278,Office Furniture,333
279,Corporate Events,334
280,Trade Shows & Conventions,335
281,Business Plans & Presentations,336
282,Office & Facilities Management,337
283,Management,338
284,E-Commerce Services,340
287,Customer Relationship Management (CRM),341
289,Enterprise Resource Planning (ERP),342
291,Data Management,343
293,Network Security,344
294,Networking Equipment,346
295,Network Monitoring & Management,347
296,Gems & Jewelry,350
297,Price Comparisons,352
298,Product Reviews & Price Comparisons,353
299,Import & Export,354
300,Book Retailers,355
302,Aerospace & Defense,356
303,TV Soap Operas,357
304,TV Shows & Programs,358
305,TV Networks & Stations,359
306,Bollywood & South Asian Film,360
307,Audio Equipment,361
309,Gadgets & Portable Electronics,362
311,Lottery & Sweepstakes,364
312,Coupons & Discount Offers,365
313,Military,366
314,Distance Learning,367
315,Vocational & Continuing Education,369
316,Primary & Secondary Schooling (K-12),371
317,Colleges & Universities,372
318,Standardized & Admissions Tests,373
319,Educational Resources,374
320,Libraries & Museums,375
321,Business & Personal Listings,377
322,Apartments & Residential Rentals,378
323,Pet Food & Supplies,379
325,Veterinarians,380
327,Game Cheats & Hints,381
328,Mobile & Wireless,382
329,Service Providers,383
330,Phone Service Providers,384
331,Communications Equipment,385
332,Voice & Video Chat,386
333,Calling Cards,389
334,Mobile Phones,390
335,Teleconferencing,392
336,Email & Messaging,394
337,Politics,396
338,Campaigns & Elections,398
339,Ancestry & Genealogy,400
340,Pregnancy & Maternity,401
343,Youth Camps,402
344,Child Care,403
345,Beer,404
346,Wine,405
347,Liquor,406
348,Newspapers,408
349,Right-Wing Politics,409
350,Left-Wing Politics,410
351,Magazines,412
352,Nursing,418
353,Health Conditions,419
354,Skin Conditions,420
355,Sexually Transmitted Diseases,421
357,Web Design & Development,422
358,Bankruptcy,423
359,Criminal Law,424
360,Property Management,425
361,Intellectual Property,426
362,Accident & Personal Injury Law,427
363,T-Shirts,428
364,Cancer,429
365,Toys,432
366,History,433
367,Electronics & Electrical,434
368,Astronomy,435
369,Mathematics,436
370,Mental Health,437
371,Vehicle Wheels & Tires,438
372,Photographic & Digital Arts,439
374,Biological Sciences,440
375,Water & Marine Sciences,441
376,Ecology & Environment,442
377,Geology,443
378,Physics,444
379,Scientific Equipment,445
380,Scientific Institutions,446
381,Flash-Based Entertainment,447
383,Astrology & Divination,448
384,Occult & Paranormal,449
386,Customer Services,450
387,Warranties & Service Contracts,451
388,Nutrition,456
389,Special & Restricted Diets,457
390,Cycling,458
392,Boating,459
393,Hunting & Shooting,461
394,Fishing,462
395,Property Inspections & Appraisals,463
396,Home Insurance,465
397,Home Financing,466
398,Auto Insurance,467
399,Auto Financing,468
400,Pest Control,471
401,Domestic Services,472
402,Vehicle Shopping,473
403,Humanities,474
404,Architecture,477
405,Search Engines,485
406,Graphics & Animation Software,486
407,Computer Monitors & Displays,487
408,Data Formats & Protocols,488
409,Video Players & Recorders,492
411,Input Devices,493
412,Printers,494
414,Scanners,495
416,Computer Drives & Storage,496
417,Multimedia Software,497
418,Business & Productivity Software,498
419,Alternative & Natural Medicine,499
420,Physical Therapy,500
421,Cable & Satellite Providers,501
422,Subcultures & Niche Interests,502
424,Goth Subculture,503
426,Blogging Resources & Services,504
427,Chemistry,505
428,Gossip & Tabloid News,507
429,Social Services,508
430,Social Sciences,509
432,Demographics,510
434,Counseling Services,511
435,Wrestling,512
436,Olympics,513
437,Combat Sports,514
438,Boxing,515
439,Martial Arts,516
440,Rugby,517
441,Track & Field,518
442,Gymnastics,519
443,Economics,520
445,International Relations,521
448,Family Law,522
449,Directories & Listings,527
450,South Asians & Diaspora,528
451,Social Networks,529
452,Undergarments,530
453,Shopping Portals & Search Engines,531
454,Ringtones & Mobile Goodies,532
456,Reference,533
457,Cheerleading,534
458,Law Enforcement,535
459,Sex Education & Counseling,536
460,Edgy & Bizarre,538
461,Fun & Trivia,539
462,Fan Fiction,540
463,Running & Walking,541
465,Hiking & Camping,542
466,Psychology,543
468,Matrimonial Services,546
469,African-Americans,547
470,Latinos & Latin-Americans,548
471,East Asians & Diaspora,549
472,Jewish Culture,550
473,Small Business,551
474,MLM & Business Opportunities,552
475,Extreme Sports,554
476,Visa & Immigration,555
477,Arabs & Middle Easterners,556
478,Massage Therapy,557
479,OBGYN,558
481,Heart & Hypertension,559
482,Non-Alcoholic Beverages,560
483,Pets,563
485,Poetry,565
486,Textiles & Nonwovens,566
487,Technical Support,567
490,Equestrian,568
491,Events & Listings,569
492,Eating Disorders,571
493,Local News,572
494,Camera & Photo Equipment,573
498,Stock Photography,574
501,Webcams & Virtual Tours,575
502,Photo & Video Services,576
504,Photo & Video Software,577
507,Skins Themes & Wallpapers,578
508,Africans & Diaspora,579
509,Southeast Asians & Pacific Islanders,580
510,Dance,581
511,Online Journals & Personal Sites,582
512,Christian & Gospel Music,585
513,Classical Music,586
514,Country Music,587
515,Dance & Electronic Music,588
516,Jazz & Blues,589
517,Rock Music,590
518,Latin American Music,591
519,Urban & Hip-Hop,592
520,World Music,593
521,Metals & Mining,606
522,Exotic Pets,607
524,E-Books,608
525,Myth & Folklore,609
526,Trucks & SUVs,610
527,Yoga & Pilates,611
528,Entertainment Industry,612
530,Online Media,613
531,Ticket Sales,614
533,Horror Films,615
534,Science Fiction & Fantasy Films,616
535,Song Lyrics & Tabs,617
536,Vocals & Show Tunes,618
537,Retirement & Pension,619
538,Risk Management,620
539,Food Production,621
540,Roleplaying Games,622
541,Aging & Geriatrics,623
542,Alzheimer's Disease,624
544,AIDS & HIV,625
547,Allergies,626
548,Asthma,627
549,Arthritis,628
550,Cold & Flu,629
552,Diabetes,630
554,Headaches & Migraines,631
555,Infectious Diseases,632
556,Sleep Disorders,633
557,Doctors' Offices,634
558,Medical Procedures,635
559,Men's Health,636
560,GERD & Digestive Disorders,638
561,Anxiety & Stress,639
562,Depression,640
563,Learning & Developmental Disabilities,641
564,ADD & ADHD,642
565,Cholesterol Issues,643
566,Occupational Health & Safety,644
568,Pediatrics,645
569,Drugs & Medications,646
570,Infertility,647
571,Women's Health,648
572,Assisted Living & Long Term Care,649
573,Building Materials & Supplies,650
574,Civil Engineering,651
575,Construction Consulting & Contracting,652
576,Design,653
577,Graphic Design,654
578,Industrial & Product Design,655
579,Interior Design,656
580,Renewable & Alternative Energy,657
581,Electricity,658
582,Oil & Gas,659
583,Waste Management,660
584,Factory Automation,661
585,Aviation,662
586,Couriers & Messengers,663
587,Distribution & Logistics,664
588,Maritime Transport,665
589,Rail Transport,666
590,Urban Transport,667
591,Space Technology,668
592,Defense Industry,669
593,Agrochemicals,670
594,Cleaning Agents,671
595,Coatings & Adhesives,672
596,Dyes & Pigments,673
597,Plastics & Polymers,674
598,Web Stats & Analytics,675
599,Science Fiction & Fantasy,676
601,Disabled & Special Needs,677
602,Holidays & Seasonal Events,678
603,Children's Interests,679
604,Teen Interests,680
605,Indigenous Peoples,681
606,Eastern Europeans,682
607,Western Europeans,683
608,Traffic & Public Transit,685
609,Urban & Regional Planning,686
610,Property Development,687
611,Outdoors,688
612,Surf & Swim,689
613,Biographies & Quotations,690
615,Calculators & Reference Tools,691
616,Dictionaries & Encyclopedias,692
618,Forms Guides & Templates,693
619,"How-To\, DIY & Expert Content",694
620,Time & Calendars,695
621,Luxury Goods,696
622,Footwear,697
623,Volleyball,699
624,Teaching & Classroom Resources,700
625,Labor & Employment Law,701
627,Royalty,702
628,Work & Labor Issues,703
629,Crime & Justice,704
630,Security Products & Services,705
631,Welfare & Unemployment,706
632,Adventure Travel,707
633,Bus & Rail,708
634,Computer Components,717
635,Outsourcing,718
636,Physical Asset Management,719
637,Quality Control & Tracking,720
638,Business Process,721
639,Strategic Planning,722
640,Compensation & Benefits,723
641,Payroll Services,724
642,Writing & Editing Services,725
643,Fire & Security Services,726
644,Home Office,727
645,Computer Servers,728
646,Network Storage,729
647,Development Tools,730
649,C & C++,731
651,Java,732
653,Scripting Languages,733
655,Windows & .NET,734
657,Mac OS,735
658,Linux & Unix,736
659,Windows OS,737
660,Hardware Modding & Tuning,739
661,Sound & Video Cards,740
662,Chips & Processors,741
663,Electronic Components,742
664,Electromechanical Devices,743
665,Optoelectronics & Fiber,744
666,Power Supplies,745
667,Test & Measurement,746
668,Aquaculture,747
669,Agricultural Equipment,748
670,Crops & Seed,749
671,Forestry,750
672,Horticulture,751
673,Livestock,752
674,Business News,784
676,Technology News,785
679,Paintball,786
680,Radio Control & Modeling,787
681,Anatomy,788
682,Homeschooling,791
683,Legal Education,792
685,Veterans,793
686,GPS & Navigation,794
691,Business Education,799
693,Knowledge Management,800
694,Supply Chain Management,801
695,Developer Jobs,802
698,Vehicle Shows,803
699,Educational Software,804
700,Fonts,805
701,Custom & Performance Vehicles,806
702,Internet Software,807
703,Content Management,808
704,Podcasting,809
705,Hybrid & Alternative Vehicles,810
706,Credit Cards,811
707,Debt Management,812
708,College Financing,813
710,Currencies & Foreign Exchange,814
711,Vehicle Brands,815
712,Restaurant Supply,816
714,Injury,817
715,Obesity,818
716,Pain Management,819
717,Acura,820
718,Audi,821
719,BMW,822
720,Cadillac,823
721,Respiratory Conditions,824
722,Vegetarian Cuisine,825
723,Chevrolet,826
724,Doors & Windows,827
726,HVAC & Climate Control,828
729,Nails Screws & Fasteners,829
730,Plumbing Fixtures & Equipment,830
731,Wood & Plastics,831
732,Flooring,832
733,Chrysler,833
734,CitroÃ«n,834
735,Generators,835
736,Dodge,836
737,Heavy Machinery,837
738,Fiat,838
739,Valves Hoses & Fittings,839
740,Ford,840
741,Retail Trade,841
742,GMC,842
743,Honda,843
744,Retail Equipment & Technology,844
745,Hyundai,845
746,Jeep,846
747,Social Network Apps & Add-Ons,847
749,Kia,848
750,Lexus,849
751,Lincoln,850
752,Mazda,851
753,Mercedes-Benz,852
754,Mercury,853
755,Mitsubishi,854
756,Nissan,855
757,Peugeot,856
758,Pontiac,857
759,Porsche,858
760,Renault-Samsung,859
761,Saturn,860
762,Subaru,861
763,Buddhism,862
764,Toyota,863
765,Christianity,864
766,Volkswagen,865
767,Hinduism,866
768,Volvo,867
769,Islam,868
770,Judaism,869
771,Self-Help & Motivational,870
772,Animal Products & Services,882
774,Animal Welfare,883
777,Birds,884
779,Cats,885
781,Dogs,886
783,Fish & Aquaria,887
785,Horses,888
787,Rabbits & Rodents,889
789,Reptiles & Amphibians,890
791,Concerts & Music Festivals,891
792,Sheet Music,892
793,Soundtracks,893
794,Acting & Theater,894
795,Live Comedy,895
796,GM-Daewoo,896
797,Saab,897
798,Vauxhall-Opel,898
799,Game Systems & Consoles,899
802,Data Sheets & Electronics Reference,900
804,Freeware & Shareware,901
805,Proxying & Filtering,902
806,Financial Planning,903
807,Commodities & Futures Trading,904
808,Venture Capital,905
809,Candy & Sweets,906
810,Baked Goods,907
811,Fruits & Vegetables,908
812,Meat & Seafood,909
813,Soups & Stews,910
814,World Cuisines,911
815,Asian Cuisine,912
816,Latin American Cuisine,913
817,Mediterranean Cuisine,914
818,North American Cuisine,915
819,Coffee & Tea,916
820,Dining Guides,917
821,Fast Food,918
822,Arcade & Coin-Op Games,919
823,Board Games,920
824,Chess & Abstract Strategy Games,921
825,Miniatures & Wargaming,922
826,Collectible Card Games,923
827,Poker & Casino Games,924
828,Adventure Games,925
829,Casual Games,926
830,Driving & Racing Games,927
831,Fighting Games,928
832,Music & Dance Games,929
833,Shooter Games,930
834,Simulation Games,931
835,Sports Games,932
836,Strategy Games,933
837,Massive Multiplayer,935
839,Party Games,936
840,Puzzles & Brainteasers,937
841,Table Games,938
842,Billiards,939
843,Table Tennis,940
844,Genetic Disorders,941
845,Neurological Disorders,942
846,Medical Tests & Exams,943
847,Surgery,944
848,Medical Photos & Illustration,945
849,Poisons & Overdoses,946
851,Public Health,947
853,Bed & Bath,948
854,Cleaning Supplies & Services,949
855,Construction & Power Tools,950
856,Kitchen & Dining,951
857,Swimming Pools & Spas,952
858,Yard & Patio,953
859,Nuclear Energy,954
860,Hospitality Industry,955
861,Event Planning,956
862,Food Service,957
863,Jobs & Education,958
864,Career Resources & Planning,959
865,Job Listings,960
866,Resumes & Portfolios,961
867,Embassies & Consulates,962
868,Executive Branch,963
869,Legislative Branch,964
870,Multilateral Organizations,965
871,State & Local Government,966
872,Constitutional Law & Civil Rights,967
873,Drunk Driving Law,968
875,Legal Services,969
876,Product Liability,970
877,Virtual Worlds,972
878,Expatriate Communities,973
879,Adoption,974
880,Skeptics & Non-Believers,975
881,Reproductive Rights,976
882,Special Occasions,977
883,Photo & Image Sharing,978
885,Video Sharing,979
888,General Reference,980
889,Flora & Fauna,981
890,Genetics,982
891,Athletic Apparel,983
892,Casual Apparel,984
893,Children's Clothing,985
894,Handbags & Purses,986
895,Watches,987
896,Costumes,988
897,Eyewear,989
898,Formal Wear,990
899,Headwear,991
900,Men's Clothing,992
901,Outerwear,993
902,Sleepwear,994
903,Swimwear,995
904,Uniforms & Workwear,996
905,Women's Clothing,997
906,Fantasy Sports,998
907,Recreational Aviation,999
909,Individual Sports,1000
910,Team Sports,1001
911,Water Activities,1002
912,Luggage & Travel Accessories,1003
913,Specialty Travel,1004
914,Ecotourism,1005
915,Historical Sites & Buildings,1006
916,Regional Parks & Gardens,1007
917,Theme Parks,1008
918,Zoos-Aquariums-Preserves,1009
921,Travel Agencies & Services,1010
922,Travel Guides & Travelogues,1011
923,Early Childhood Education,1012
924,Classic Vehicles,1013
925,City & Local Guides,1014
926,Alumni & Reunions,1015
927,Bowling,1016
929,Handball,1017
930,Vacation Offers,1019
931,Religious Music,1020
932,Pop Music,1021
933,Experimental & Industrial Music,1022
934,Folk & Traditional Music,1023
935,Music Equipment & Technology,1024
936,DJ Resources & Equipment,1025
937,Music Recording Technology,1026
938,Music Reference,1027
939,Music Composition & Theory,1028
940,Rap & Hip-Hop,1030
941,Reggae & Caribbean Music,1031
942,South Asian Music,1032
943,East Asian Music,1033
944,Arab & Middle Eastern Music,1034
945,Hard Rock & Progressive,1035
946,Metal (Music),1036
947,Classic Rock & Oldies,1037
948,Indie & Alternative Music,1038
949,Soul & R&B,1039
950,Blues,1040
951,Punk (Music),1041
952,Nintendo,1043
955,Sony PlayStation,1044
958,Xbox,1045
961,Handheld Game Consoles,1046
966,TV Comedies,1047
968,TV Talk Shows,1048
969,TV Reality Shows,1049
970,TV Game Shows,1050
971,TV Commercials,1055
972,Trucks,1056
973,SUVs,1057
974,Vans & Minivans,1058
975,Bentley,1059
976,Buick,1060
977,Ferrari,1061
978,Hummer,1062
979,Jaguar,1063
980,Lamborghini,1064
981,Land Rover,1065
982,Maserati,1066
983,Mini,1067
984,Rolls-Royce,1068
985,Scion,1069
986,Suzuki,1070
987,Smart Phones,1071
988,Documentary Films,1072
989,College Sports,1073
990,Beaches & Islands,1074
991,Courts & Judiciary,1075
992,Signage,1076
993,Sports News,1077
995,Christmas,1078
997,Halloween & October 31st,1079
998,Real Estate Listings,1080
999,Timeshares & Vacation Properties,1081
1000,Sports Coaching & Training,1082
1001,Sports Memorabilia,1083
1003,Geographic Reference,1084
1004,Movie Listings & Theater Showtimes,1085
1005,Film Festivals,1086
1007,Music Education & Instruction,1087
1009,Desktop Publishing,1088
1010,Audio & Music Software,1089
1011,Media Players,1090
1012,Samples & Sound Libraries,1091
1013,Audio Files Formats & Codecs,1092
1014,Philosophy,1093
1015,Drama Films,1094
1016,Comedy Films,1095
1018,"Thriller\, Crime & Mystery Films",1096
1019,Action & Adventure Films,1097
1020,Silent Films,1098
1021,Western Films,1099
1022,Superhero Films,1100
1023,Martial Arts Films,1101
1024,Classic Films,1102
1025,Cult & Indie Films,1103
1026,Animated Films,1104
1028,Musical Films,1105
1029,Movie Reference,1106
1030,Movie Reviews & Previews,1107
1031,Film & TV Awards,1108
1035,Mobile Apps & Add-Ons,1109
1037,TV Family-Oriented Shows,1110
1039,TV Crime & Legal Shows,1111
1040,TV Sci-Fi & Fantasy Shows,1112
1041,Music Awards,1113
1043,Record Labels,1114
1045,Recording Industry,1115
1047,Film & TV Industry,1116
1049,Film & TV Production,1117
1051,Special Education,1118
1052,Mountain & Ski Resorts,1119
1053,Lakes & Rivers,1120
1054,Unions & Labor Movement,1121
1055,Valentine's Day,1122
1056,Easter,1123
1058,Jewish Holidays,1124
1060,Thanksgiving,1125
1061,Skate Sports,1126
1062,Poverty & Hunger,1127
1063,Family & Relationships,1131
1064,Family,1132
1065,Marriage,1133
1066,Friendship,1134
1067,Romance,1135
1068,Public Records,1136
1069,Legal Forms,1137
1070,Business Finance,1138
1071,Investment Banking,1139
1072,Boats & Watercraft,1140
1074,Robotics,1141
1075,Web Apps & Online Tools,1142
1077,Entertainment Media,1143
1078,Entertainment Media Rentals,1144
1079,DVD & Video Rentals,1145
1082,Video Game Retailers,1146
1084,Personal Aircraft,1147
1087,Skiing & Snowboarding,1148
1088,Ice Skating,1149
1089,Mail & Package Delivery,1150
1090,Fluid Handling,1152
1091,Plumbing,1153
1092,Fashion Modeling,1155
1093,Home Theater Systems,1157
1095,Speakers,1158
1097,Business Operations,1159
1098,Commercial Lending,1160
1099,Public Finance,1161
1100,Consulting,1162
1101,Financial Markets,1163
1103,Economy News,1164
1105,Fiscal Policy News,1165
1108,Housing & Development,1166
1109,Painting,1167
1110,Earth Sciences,1168
1111,Paleontology,1169
1112,Bluetooth Accessories,1170
1113,Mobile & Wireless Accessories,1171
1114,Dress-Up & Fashion Games,1173
1117,Fun Tests & Silly Surveys,1174
1118,Roofing,1175
1119,Printing & Publishing,1176
1120,Writers Resources,1177
1121,Commercial & Investment Real Estate,1178
1122,Company News,1179
1124,Political Humor,1180
1125,Corporate & Financial Crime,1181
1126,Radio Equipment,1182
1127,Children's Literature,1183
1129,Literary Classics,1184
1130,Opera,1185
1132,Talk Radio,1186
1133,TV Guides & Reference,1187
1134,Car Electronics,1188
1137,Car Video,1189
1140,Automotive Industry,1190
1142,Bicycles & Accessories,1191
1147,Electronic Accessories,1192
1149,TV Dramas,1193
1150,TV Medical Shows,1194
1151,Arts Education,1195
1153,World Sports Competitions,1198
1154,Professional & Trade Associations,1199
1155,Business Formation,1200
1156,Opinion & Commentary,1201
1157,Political Polls & Surveys,1202
1158,Media Critics & Watchdogs,1203
1160,Journalism & News Industry,1204
1162,Discrimination & Identity Relations,1205
1164,Drag & Street Racing,1206
1166,Stunts & Dangerous Feats,1207
1167,African Music,1208
1168,World News,1209
1169,Swap Meets & Outdoor Markets,1210
1170,Ear Nose & Throat,1211
1171,Scooters & Mopeds,1212
1172,Campers & RVs,1213
1173,Commercial Vehicles,1214
1174,Cargo Trucks & Trailers,1215
1176,Engine & Transmission,1216
1177,Auto Exterior,1217
1178,Auto Interior,1218
1179,Beauty Pageants,1219
1180,Cosmetic Procedures,1220
1181,Intelligence & Counterterrorism,1221
1183,Online Image Galleries,1222
1184,Clip Art & Animated GIFs,1223
1185,Eyeglasses & Contacts,1224
1187,Wholesalers & Liquidators,1225
1188,Neuroscience,1226
1189,Computer Science,1227
1190,Apparel Services,1228
1191,Computer Education,1229
1193,Fiber & Textile Arts,1230
1194,Baby & Pet Names,1231
1195,House Painting & Finishing,1232
1196,Technical Reference,1233
1197,People Search,1234
1198,Steroids & Performance-Enhancing Drugs,1235
1199,Sexual Enhancement,1236
1200,Smoking & Smoking Cessation,1237
1201,Cleansing & Detoxification,1238
1202,Acupuncture & Chinese Medicine,1239
1203,Company Earnings,1240
1205,Mergers & Acquisitions,1241
1207,Reggaeton,1242
1210,Broadway & Musical Theater,1243
1211,Spoofs & Satire,1244
1212,Airport Parking & Transportation,1245
1214,Carnival & Mardi Gras,1246
1215,Air Force,1247
1216,Army,1248
1217,Navy,1249
1218,Marines,1250
1219,Scientology,1251
1220,Statistics,1252
1221,Health News,1253
1223,Atmospheric Science,1254
1224,Climate Change & Global Warming,1255
1227,Health Policy,1256
1233,Asians & Diaspora,1257
1234,Pagan & Esoteric Traditions,1258
1235,Scandals & Investigations,1259
1236,Troubled Relationships,1260
1237,Divorce & Separation,1261
1239,Parasites & Parasitic Diseases,1262
1240,Vaccines & Immunizations,1263
1244,Foreign Language Resources,1264
1245,Translation Tools & Resources,1265
1246,Foreign Language Study,1266
1248,"Vehicle Specs\, Reviews & Comparisons",1267
1250,Fuel Economy & Gas Prices,1268
1251,Vehicle Fuels & Lubricants,1269
1253,Birthdays & Name Days,1270
1254,New Year,1271
1255,Business & Corporate Law,1272
1256,Live Sporting Events,1273
1258,Christian Holidays,1274
1260,Islamic Holidays,1275
1262,"Contests\, Awards & Prizes",1276
1263,Tablet PCs,1277
1264,Insects & Entomology,1278
1267,VPN & Remote Access,1279
1268,Human Rights & Liberties,1280
1269,Privacy Issues,1281
1270,Grants & Financial Assistance,1282
1271,Tax Preparation & Planning,1283
1272,Prisons & Corrections,1284
1273,Latin Pop,1285
1275,Salsa & Tropical Music,1286
1276,Brazilian Music,1287
1277,Military History,1288
1279,Academic Conferences & Publications,1289
1280,Family-Oriented Games & Activities,1290
1282,Family Films,1291
1284,Small Kitchen Appliances,1292
1286,Major Kitchen Appliances,1293
1288,Vehicle Codes & Driving Laws,1294
1290,Places of Worship,1296
1291,Distributed & Parallel Computing,1298
1293,Machine Learning & Artificial Intelligence,1299
1294,CAD & CAM,1300
1297,Same-Sex Marriage,1301
1298,Communications & Media Studies,1302
1300,Public Speaking,1303
1302,Etiquette,1304
1303,Diving & Underwater Activities,1305
1304,Parking,1306
1305,Recycling,1307
1306,Study Abroad,1308
1307,Loyalty Cards & Programs,1309
1310,Romance Films,1310
1311,Action & Platform Games,1311
1312,Gangs & Organized Crime,1312
1313,Immigration Policy & Border Issues,1313
1315,Drug Laws & Policy,1314
1317,Video File Formats & Codecs,1315
1320,Public Policy,1316
1321,Microcars & City Cars,1317
1322,Flash Drives & Memory Cards,1318
1323,Memory Card Readers,1319
1324,Hard Drives,1320
1325,CD & DVD Drives & Burners,1321
1326,CD & DVD Storage Media,1322
1327,Data Backup & Recovery,1323
1328,E-Book Readers,1324
1330,Guitars,1325
1331,Pianos & Keyboards,1326
1332,Drums & Percussion,1327
1333,Endocrine Conditions,1328
1334,Thyroid Conditions,1329
1335,"Printers\, Copiers & Fax",1330
1337,Copiers,1331
1339,Fax Machines,1332
1341,Ink & Toner,1333
1343,Projectors & Screens,1334
1345,Carpooling & Ridesharing,1339
1346,Theology & Religious Study,1340
1347,Accounting & Financial Software,1341
1349,Video Game Emulation,1342
1350,Gaming Media & Reference,1343
1351,Spreadsheet Software,1344
1352,Word Processing Software,1345
1353,Presentation Software,1346
1354,Public Storage,1347
1355,Home Storage & Shelving,1348
1356,Water Supply & Treatment,1349
1357,Drug & Alcohol Treatment,1350
1358,Drug & Alcohol Testing,1351
1359,Assistive Technology,1352
1361,Mobility Equipment & Accessories,1353
1363,HDTVs,1354
1365,Plasma TVs,1355
1367,LCD TVs,1356
1369,Projection TVs,1357
1371,Calendar & Scheduling Software,1358
1372,Project Management Software,1359
1374,Project Management,1360
1375,Art & Craft Supplies,1361
1376,Rugs & Carpets,1362
1378,Clocks,1363
1379,Laundry,1364
1380,Bathroom,1365
1381,Bedroom,1366
1382,Beds & Headboards,1367
1383,Mattresses,1368
1384,Bedding & Bed Linens,1369
1385,Sofas & Chairs,1370
1386,Water Filters & Purifiers,1371
1387,Nursery & Playroom,1372
1388,Cutlery & Cutting Accessories,1373
1389,Babies & Toddlers,1374
1390,Business Cards & Stationary,1375
1392,Tennis,1376
1393,Infiniti,1377
1394,Isuzu,1378
1395,Text & Instant Messaging,1379
1396,Electric & Plug-In Vehicles,1380
1397,Microblogging,1381
1399,Mobile OS,1382
1401,Camera Lenses,1383
1405,"Binoculars\, Telescopes & Optical Devices",1384
1408,"Binoculars, Telescopes & Optical Devices",1384
1409,Government Contracting & Procurement,1385
1410,Lobbying,1386
1411,Government Agencies,1387
1412,Training & Certification,1388
1413,Agritourism,1389
1414,Sightseeing Tours,1390
1415,Vineyards & Wine Tourism,1391
1416,Tourist Boards & Visitor Centers,1392
1417,DVRs & Set-Top Boxes,1393
1419,Blu-Ray Players & Recorders,1394
1421,DVD Players & Recorders,1395
1423,Headphones,1396
1425,Drawing & Coloring,1397
